"","XX_rep1","XX_rep2","XX_rep3","XX_rep8","XX_rep9","XX_rep10","Xm_rep3","Xm_rep7","Xm_rep8","Xm_rep13","Xm_rep15","Xp_rep1","Xp_rep2","Xp_rep3","Xp_rep4","Xp_rep7","Xp_rep9"
"TANK",6.75284205132735,6.58776328612077,6.98671424593677,6.39753532091547,6.51474854276043,5.21112214427615,4.57566437532012,5.49770501381172,5.63861301108046,6.01670132665702,5.70905784346776,5.13887106692968,4.39477874200568,4.49577410915805,6.36469492833151,4.83087088879757,5.67781944565247
"ACTR2",9.36879302431069,10.4479706426736,10.3536389470797,9.68822230658727,10.3199517135002,7.16446082949181,6.61485378176392,8.57004881687126,8.76965327724916,8.96777462591674,9.0334694811968,8.09972343946173,6.45196463068147,6.6855019909942,9.7052173070055,6.73919798585064,8.80787562115363
"MBNL2",6.08132210567242,6.84937704977361,6.73321674432424,6.10218365518559,6.07596911930517,4.87698181394366,4.50311768607609,5.2887273247904,5.32855313786171,5.94050265756502,5.3916615970698,5.01509221811279,4.18460358462028,4.68609186674639,6.02553757270183,4.79554130590424,5.28409479820485
"PLXNC1",9.01760943787152,9.19878675839811,9.53031602283513,9.4352751307086,9.07722496209188,7.69476923384956,6.52735732367404,7.96232280534586,8.52209807901794,7.83967094752795,8.27662276459805,7.84669074590932,6.63629270663082,6.53728928920652,8.83742834737298,6.39282583755583,7.88000740520137
"MYL9",7.40138131392427,5.85929338395038,6.43934446640369,7.67901145298088,7.22940163586865,6.57834848224589,10.2119735787801,9.53864727584596,10.7625210368552,8.26166388987962,8.48976966936604,9.30724419747534,7.68368095966836,8.94993064894568,8.44980883177905,9.17446771570184,9.87143598209255
"ERLIN1",7.30697978900496,7.57716365819268,7.13474443706179,7.02465030969015,7.04175459096936,4.69751946924634,4.92345940357996,5.9005240420292,6.10812340313796,6.05129087586001,5.62502637665558,5.26373387904965,4.55218852616635,4.83312235445561,6.58538522097351,4.65629839202099,6.04079130820207
"CYSLTR1",9.33679330543733,9.58329628042562,9.73643135660205,9.18546920506495,9.49294854393385,9.11617986139416,7.93211401611487,8.34720800632615,8.37806549740791,8.60402237884359,9.45465903362224,8.11939214810073,8.4702589272978,8.34992646381926,8.98835195913283,7.92537098367603,8.21957034461893
"GLIPR1",10.8529343472989,11.2774244251865,11.5048374831913,10.9605608608227,11.4268085986873,9.79580295100589,9.74066302247359,10.5671566456085,10.8300431330981,10.6077663946895,10.6340705168485,9.78108922347086,9.27564771544125,9.91750701945426,10.957148867408,9.34212646913374,10.3580985042165
"SUPT16H",8.88476540663426,9.52981489910555,9.35379861767759,8.81812707418417,9.09663940326331,7.67157301699855,7.128400838933,8.14432555260888,7.63934482045353,8.3308185382575,8.49314781817994,7.74858914782304,6.88749867858383,7.0156805986413,9.1673034180953,7.32457020451548,7.93390455942802
"LYST",7.44313575660523,8.51127313658108,8.88379402557093,8.00927799265166,8.54906813811928,8.32576984479074,6.43584287966745,7.39627805227202,7.8043207455409,7.87412321687752,7.50645719570517,7.6105814560466,5.61415182622041,6.59124027784342,7.90851463191573,6.74071017408905,7.57377894034465
"VSIG4",6.11065516451396,6.76656267063431,6.6717149899929,6.57690676180878,6.96436284567727,7.20188579902355,6.10683814201079,5.34452296364479,5.44280466642464,5.50361811053815,5.91073440734626,6.47148216074146,5.56455068504267,6.19153180966196,5.35176199342359,4.7505332204956,5.6210474639952
"LACTB",7.58258938301206,7.70862914324118,8.05214895683619,7.63082854388319,7.4478467060975,6.15636309757247,5.47076298006314,6.99983701453961,7.28642682322806,6.92751547440946,7.2255750976962,5.93058200942318,4.8626923942931,6.00065673363735,7.69437320767786,5.54887826727586,6.84738035589972
"TAGAP",8.33213790361469,8.73697194174387,8.02273325706279,8.13560360919648,8.93273603576269,6.54779331382477,6.18991346171518,7.78586202226595,6.91369634742696,8.1812139348779,7.34434127104795,7.22839555006244,5.99369208366475,6.53962936289024,7.95530880719453,6.53986196039898,7.453589957068
"CD300LB",7.45310951887852,8.64231361642161,7.91320847834596,7.88539480795782,7.66347775446778,6.42724688525649,6.27144763997875,7.8728830667383,7.25566794864746,7.20531233901724,7.15531539111637,6.70480596663904,6.34684294372948,6.10124904191069,7.68134505574436,5.79035562788577,6.87109656623099
"AHSA2P",9.63219546375524,9.35200601223012,9.42761055796838,9.26557429535196,9.02937139893995,9.52151954078279,8.1695851481741,9.05005007244233,7.463624625763,8.469567824328,7.39772727949261,9.46917630527934,8.86655253141653,8.01337017876086,8.73505808175403,9.12553201967366,9.40744823010815
"COPA",8.89756944850876,9.22007638222227,9.27619478494548,8.87503480784115,9.17052504837684,5.66232138453957,5.75006088820244,7.54562939599867,7.34134453908748,7.67618715227455,7.27416629520917,6.64343990334329,5.65582731429961,5.97579667239525,8.617605669894,5.6967325394385,7.33758983261168
"CPD",7.55140130868777,7.82890587028099,7.70682079135383,8.09437803138176,7.69360820856058,5.04650262241159,5.37199709679697,6.49814516341339,7.57801181959665,6.75131936480905,7.02687440586339,5.88204499496219,4.60515098466993,5.11358766518041,7.65510787126381,5.20825506599411,6.61386336692198
"CREB1",9.17760130503134,9.24691444311418,8.9408505393067,8.58150271664536,9.25141551648364,7.63239278629352,7.14295425672154,8.40390093496485,7.92948706297092,8.22055521703214,8.0419752072985,7.75421936265111,7.02953468252078,7.48124376023957,8.69355956461895,6.99581768720989,8.02585109301429
"CSF2RA",8.69642874834872,8.70189004590559,9.3153837820597,9.19996885652818,8.48842821349202,7.78923399022141,6.99546459085353,7.19675936024681,7.84233214989038,7.62197376929795,7.4296372863105,6.50961861848296,6.24217072197293,6.63349728325566,7.73433747956644,6.58993815190207,7.38656535132468
"CTNNA1",7.04507627668283,7.24069252983723,7.2810397818389,7.13066514522759,6.80715238604651,4.25160403162597,4.38843445098587,5.38494168958787,5.78486497919285,5.11667701029669,5.38656515522809,4.72012122528245,3.52942457269516,4.32206914790107,6.54450136087802,4.1611510929045,5.38378873318846
"CCDC50",6.72728079366618,6.60459393118227,8.01064792557287,6.95873253326449,7.33898040848985,7.36547656281724,5.41497758271047,6.24828449838167,5.30856065696372,6.3174187566582,5.40765196681856,6.38717639782663,5.61076168398792,6.56963018354128,6.85563505697444,5.22639513226386,6.17811645863487
"VPS13B",6.27817869750376,6.71307533921335,7.15300521119953,6.57147426179968,7.10785441765823,6.80672311101972,4.37184813482885,4.76742437123362,5.63417148917891,5.54742675624022,5.77377644611216,5.71644530241335,4.33508034310097,4.83520263792349,5.58774571138857,4.64010723455277,5.14403537438774
"CXorf38",8.93627567590491,8.98193399982528,9.0496063379488,8.93137848558054,9.02443866886778,8.88961358933738,7.28892790340604,7.31974105782619,8.1419225336451,7.86428527917778,8.29442703556438,8.04835333938243,7.41831486426022,7.32912187857269,8.35750874309204,7.30233862086829,7.90879704450899
"DHX9",7.85566902270748,8.0587006433263,7.68822305296211,7.54084303752631,7.33931360165467,5.46702109121859,4.91289860285751,6.47429589351008,5.86821066467367,6.60428094052826,6.37273859922642,5.57378701878516,5.24410028772841,4.77357516203254,8.09372952083251,5.18080047112538,6.14736344527465
"SGMS2",7.15225023711869,7.84800249220936,8.15681832128868,8.62787102083294,7.54603816416422,6.18162353098443,5.47359596772821,5.99840657944321,7.07462745425292,6.70770962536626,5.33317148617544,5.8291418078615,5.55523623753263,5.91605877596284,6.97554238207406,5.82938717195795,6.86374259372393
"EPRS1",8.49405199407354,8.76437772147058,8.14200799675684,8.50905153132061,8.49637279585086,7.6908502245522,6.68019557415364,7.16768439540538,6.6919367802325,7.5651576946647,7.42078340304912,7.58870019887466,6.95738674424916,6.24568169531121,8.36677445850241,6.16397114330958,7.41929497295962
"ALDH1A1",8.81666756256737,9.33645176893133,9.2499094086731,8.95880883709363,9.02100887532196,7.29169606421802,7.34376375526168,7.64237793834922,7.2906886551716,8.04101042681409,8.10495317129664,6.38729298907156,7.08500822107966,7.6034821409703,9.0384914504638,6.71636402314176,7.98016671559189
"JMJD1C",7.38577287781093,7.20408939759011,7.02594477167281,7.10835809576681,6.81196214395756,5.86579246840139,4.54846081609898,5.18270697072873,5.85368721260193,6.35039890074695,6.05840439546592,5.22572712691489,4.80782599559484,4.55985608307995,7.13269547914715,4.99979529981062,5.28650289165059
"FCGR2A",10.3691178069286,10.2193620269091,10.6565339636711,10.7119348135937,10.4433861454448,9.83459416724678,9.56994694843441,9.32621888074458,10.8034707298457,9.52607963081385,10.6584824495393,9.08297016596841,9.02706458455957,9.30981227389475,10.0506646952732,9.01529763265151,9.61316834473478
"PHACTR1",7.22644981756428,6.47758231799373,7.43840717450379,7.28246333984042,7.19820705274943,7.81246726474003,5.71514550059019,6.58974765629204,6.09721028393118,5.72914179272888,6.85632330366503,5.47044467170086,6.63629270663082,6.15908535604732,6.8018939512193,5.6355158846845,6.01309011534673
"TFEC",8.41984918865208,8.70768308419256,9.2063889685712,9.04045517261746,8.81509767216216,8.68531496031026,7.2078729399057,7.3587447229553,8.60759609175687,8.35199813815323,7.54961722918047,7.49603806567806,5.9318465835514,7.12432971165742,8.25707896606789,6.98386754282117,8.49226707694419
"ZNF652",9.86134728025156,9.82583436208063,10.00796586382,9.75066141287276,10.2903468805352,8.02400426389944,8.19938976318,8.29683210389273,7.36799622935366,8.00522197972347,8.46327505447425,8.81964771974415,7.71159815307956,7.28896523996375,8.62318471740928,6.65910489484039,8.28366408585549
"FKBP5",8.50962396843365,8.75140261123221,9.04408488170409,9.25110186602977,8.92171396878866,7.57675373587819,6.27411225638356,7.64827784675154,7.37526936638111,8.1021532019792,7.87399061593733,7.34324468890171,8.17999605282981,6.04639184083533,8.16359745244037,6.61474086031989,7.53206194384311
"SETX",7.23979915504773,8.148167598081,7.55549671355005,7.96535799526144,8.27078667349817,6.00095933557874,5.96118409929466,5.66422455592447,6.6841839914184,6.8618333218562,7.13976877836532,6.34017254249068,5.99369208366475,5.33655630355462,7.86594529021105,5.71157572575953,6.31049892104321
"KDM6B",7.12128048713371,6.9117848650594,6.85064089315656,6.85002274114998,6.85431685045986,8.32516736660812,9.30499925788945,8.10708244093989,8.75587292629628,7.8514010750838,8.40960656254956,8.25594439713151,9.42083945252182,8.89957732440621,7.8934595068931,9.02681403329056,7.77270428602194
"EPB41L3",7.60691101351717,7.90845264624669,8.70788610959267,8.47490048216952,8.19503578662916,7.44192607530629,6.53656299135145,6.95780096749983,7.05004135876275,6.91570802359986,7.70862865599898,6.89883138053571,5.80588611851761,6.42375477509955,8.21921999050034,6.32129532618171,6.76242614573441
"ATP11B",6.47849586896574,7.47364720579809,8.16063785184126,6.69278605682529,7.29757437097334,6.68403534764733,4.89478176254069,5.6123165943588,5.93457483527814,6.10022635547146,7.19241298211456,5.98973876196201,5.93780778131413,5.50074973566666,6.90531734677313,5.25041030846796,5.66141966130984
"FKBP15",7.88682822151465,7.92025239303341,8.23709648562168,7.89558455146476,7.56661516995904,6.0957667038964,4.82200164763613,6.02991633224974,6.35826555477109,5.77863668656668,5.87496687319908,5.63419210135311,3.96944826519272,5.4630835955861,7.01675782508676,4.81995984741879,6.12107638825897
"WASHC4",9.72345950539618,9.70730446927845,9.90758542116846,9.67796310460199,10.008678788015,9.73521925949185,7.98554560583749,8.51370483914633,8.57325645435806,8.85042689933414,8.56873836492111,9.08266574149966,8.37231010432771,8.17090141243612,9.02559563003383,7.68855904878809,8.83461866679724
"JADE2",6.43758304576958,5.0596926207927,5.86641300026236,5.69149308738469,6.69273579655828,6.76917051473508,8.02798252221142,7.10793704722147,5.90462075263325,6.54550221825993,6.40505509397213,7.76236200235909,7.95829370615692,8.09064367910275,6.03930405669687,7.34948178026519,6.79190290081809
"CAPN7",8.45210810871941,8.09933827004559,8.39551134763294,8.36356149575416,7.81710553419949,6.63516908157202,6.52209963590388,7.18294723900989,6.89917340245578,7.73279461208876,7.55293124743913,7.01285289165772,5.68993327530981,6.74095688348533,8.09582206311736,6.26351522624517,7.22386445159155
"SRRM2",8.73652497186646,9.547539879505,9.67269710691405,9.29040132682587,9.32223677796412,10.3358777572206,11.3537020823393,10.4932746053999,10.4710829591466,10.0593491690548,10.4097081063293,11.2099576537377,11.5604266048834,10.9816636098033,9.88213040985518,10.999229337917,10.6375076571194
"ZBTB38",7.53281614855238,7.33141505687273,6.7608221355021,7.28785400434556,7.13134284437529,6.66339088747808,5.85172388304542,5.21578639585007,5.45494887680304,6.18458352056719,6.18458352056719,7.17834697555958,6.21146556568459,5.78564490152831,6.15024979678978,5.2447634845595,5.70787477232093
"HECTD1",7.20772339667462,7.387147918745,7.55078536989129,7.35639588594876,7.6343323566493,7.35199929993404,5.78073038191768,6.2033771052865,5.974412237933,6.49514061564746,6.16958783908056,6.73324438522254,5.38542685126564,5.89712028491087,6.61314863442063,5.77596494835962,6.34165387322116
"SAMHD1",9.67176839334048,10.5053466888203,10.7685676062015,10.0434443714919,10.2295320296684,8.74998361806558,8.18963602018605,8.98411582472071,8.90764249850723,8.98029031460119,8.88995602350244,8.88598491140119,8.17888976836623,7.2770173954769,9.79566205786171,7.63089425391856,8.86372394798466
"KBTBD2",8.47574555425791,8.22685096660256,8.47242304644195,8.13108902310417,8.31199042661412,7.46199090289714,6.75045314482008,7.75277493496896,7.61137093637139,7.7902973081238,7.87076213101586,7.65103812023457,5.67495384080237,6.9473576657048,7.99564799918316,6.64672817683779,7.50833226981086
"CLEC4E",9.56062314364514,10.17559718989,9.91466028642924,10.4485499286526,10.6834682619821,9.41434973172379,9.21911247118748,8.53539955254051,10.3209439061712,9.11354770499559,9.99670613537397,8.69505848591119,9.31321744453358,8.79968818216115,9.50964114327288,8.63204866857528,9.14551979446361
"TNFRSF21",7.62867363310295,7.52326274268584,8.72809756352589,7.70775359545173,7.58157117093964,7.70258534045665,6.28284052719927,6.88288046094419,5.88470666638496,7.02004855194037,7.1528288340636,6.25651078325548,6.82600128495124,6.39761585547432,7.55940314866086,6.04047105520163,6.77128745956022
"R3HCC1L",6.22450311076379,5.99498281847567,6.38549413579164,6.0804979085963,6.55667964882311,5.32842953195954,4.76407233906016,5.57205540624436,5.67804107829769,5.49256581677393,6.01937588283565,5.34547024060983,4.34011363693732,4.50209335308879,6.03426552500734,4.74316507110047,5.51962402705776
"GMPR",6.18224857204387,5.42866938741229,6.28813795912293,6.61696280990626,6.14131294005851,6.11298365450169,7.27880445590413,7.16185887396126,8.42103811615978,6.35392532943593,7.79235032254579,6.43068089677785,5.92314898697489,6.63617226272582,6.69967230995879,7.30523874103737,7.28618684904847
"LINC00926",10.2086579585159,7.88006509349102,8.16017454847424,9.7888216407429,9.64144430006228,9.82453115694668,8.88775999549475,10.6929812860252,9.72535598966147,10.4395047555178,7.94695264057958,9.74518105968403,11.2700134173528,11.6408146090437,9.76499256238542,11.2286487710374,10.3288798107899
"FRYL",6.33564169568739,6.45583550654712,6.54102922856079,6.44302176678782,6.68831933400286,5.02022778275044,4.88162447613524,5.64087256343566,5.53830471107685,6.26624736214168,5.77077016587863,5.7911251127182,4.08123429489461,4.48497167629268,6.37862459079929,4.60069511816138,5.23476655451992
"TMEM176B",10.9968791588999,11.1235420367788,9.85266221610525,11.0567961383884,11.4189788516799,10.9843324807449,6.54490110057203,10.8135283913166,9.98162111186749,10.8764773373616,5.63127769863172,11.2750031790191,6.9813129286241,10.6262875685874,5.83183381481678,7.37687284929379,9.41043527178615
"SETD2",7.20853993856554,6.23211580257174,6.85953578510945,6.54246136488605,6.72655058344294,8.00250976187015,4.53521806563774,5.20183284414357,5.464535269683,5.72197336988121,6.43782214074093,5.57688965976415,5.9211522292213,4.34402664418085,6.60785862498141,4.69739185357775,5.50084001337294
"VPREB3",7.25340644701347,6.39486926417484,5.70069701342473,6.79183841088048,6.0871547860533,6.25644600325708,5.74205378671926,7.72921882735449,6.40193201971003,6.98945895443754,5.87076139558912,6.34356936401082,7.81211206028719,8.59138412054197,7.50528807875532,7.78447072741694,7.15850004452681
"DSE",8.93856259916451,9.09512247675917,9.29588091010766,9.55055554578123,9.38596642266996,7.96945759978333,8.14972771814213,7.9836109550552,9.13628950695169,8.06650942300884,8.43408142938496,7.92454102149466,6.87645436209305,7.8406066248467,8.22597636194443,7.89673374587339,8.29329576450322
"GZMH",9.86905602545426,9.2610748773027,7.98180111056176,10.1419794832795,9.52176741836119,9.18399230323776,11.5539399232211,10.8568543312833,10.3548776522602,11.3547805346831,10.1093570923925,11.6865427649039,8.22132200684655,8.88931128481675,9.37706523971527,9.47157091430289,10.1122806762073
"HBB",13.18140287161,9.75903865707255,10.2795745285483,13.3632622400102,13.5709632665524,10.7196176128726,12.6990097497556,13.5262165194127,14.3944334883149,14.7498237931251,14.5367963911876,12.4879306841004,13.6688326878375,12.3156385130638,14.1908457376476,13.9127090772815,14.0707886103434
"HLA-DRB4",3.66698793165212,9.55913452801863,3.87628855220422,8.24881620798061,9.93885376861394,9.35954800195209,9.64537893182102,9.85044545293731,6.42474273219865,7.45524999258859,3.43714285510245,3.79191038632122,3.98857236351402,8.43601300538259,3.44567946023446,3.4091026001971,3.79743628096721
"ZNF678",6.78587823053287,6.5329509965788,7.5330883577091,7.69365617016613,6.96068904312617,8.34055920806717,5.63388787838053,6.19752531333703,5.3614436168365,7.27778703680584,5.15941221232617,6.38297854517776,6.53347583941105,7.53639673381529,6.82001829344184,7.56920405924533,7.77270331610263
"TREML1",8.92550099295459,7.15587117311169,7.21722685053298,8.53124935765749,8.23916152605807,6.94764111026651,9.68150823017489,9.10324622936227,10.410073504677,8.38966190100241,8.77752763758503,8.5244096331195,7.56834868926071,8.15123554580603,8.27373875531251,8.77427917335276,9.39389753822332
"IGFBP7",8.8283615344213,8.42026744365765,8.53559114176237,9.13927136354405,8.69432173748858,7.65467492552859,7.51512990043557,6.04034149379789,7.36240498303992,8.13420244539327,8.06093238535706,8.12889274027482,7.17603991727772,6.70388592457809,7.5426015155285,6.9070840972998,8.08285548506989
"FAS",7.83440544131077,8.14272862694418,7.47259626477252,7.97499280239209,7.43081449874582,5.62527436347988,5.74008411461017,6.29807604749231,6.27118178679194,7.44827982961506,7.20737525220378,6.20983437149372,4.48335071468244,5.35004836433782,7.75112049476771,5.6359903030517,6.72057388053086
"IL6ST",6.81977149541228,7.24668800760227,7.74588461714039,6.4353690926443,7.13523008856127,5.34076426430315,4.33741303583871,5.64907699569524,6.05840439546592,6.64110411366184,6.25046744402182,5.11020958390932,4.48335071468244,4.54351547709938,7.23485127210829,5.53590747523484,5.91255387683181
"IL13RA1",8.32052401504255,8.52053535181137,9.17248879839573,8.48673827356665,8.61351439257367,5.53152912862913,5.49765769236025,6.99829898701559,6.88047715117067,7.30260089930242,7.4704368493929,5.49022001546495,5.10756457498824,5.1441079369785,7.97992154254442,5.30279779187842,7.12854661152149
"ITGA2B",9.06956067327837,8.02053345336288,7.42907592427271,8.82862084248047,8.89477373312247,7.58058440966646,10.5775647084905,10.1681846252135,11.9720530590588,9.027800533517,9.45298402359671,9.71033909014733,8.56434672358019,9.34360344826761,8.66648587610911,10.1435107449757,10.9850325684393
"ITGB3",7.84373541861071,6.80827455740704,7.26224937596845,8.08369742020656,8.15939386443515,5.76568584529631,9.40517848334428,9.04053051614814,10.8152493997521,8.13184260318525,8.39200699513817,9.05695876658159,7.21652470792657,7.46456811808733,8.25812771510593,8.4930755482042,9.64507579146263
"LOC389834",5.1451191175426,4.18998643923202,5.35280565543618,6.48811108696867,5.9859558564454,5.78818055552589,4.39716603197439,4.61984316263533,4.1166941505783,4.77834142318502,4.40275594462934,3.88318069267509,4.48471359317939,4.30495081698907,5.40126679444007,4.61714067972694,4.16960449629096
"CD46",9.80792992464677,9.94563678009686,10.0542889909596,9.76177276136076,9.99223628091856,8.97691368323997,7.1639467411436,9.24020420065014,9.16798211644057,9.21225788215753,9.0441256021657,8.46863733133159,7.48116748710423,7.54687556571217,9.64888813695895,7.66618572268566,9.08384141144113
"KMT2A",5.91338661153029,5.77124795232234,5.86953780780105,5.12018101459966,5.78446565929653,7.39050474364447,7.88681876620813,6.7966900177084,6.37010108088052,6.35303050074484,6.55212666322634,7.45806378279959,7.71221601811111,7.97272067401964,6.37754307485766,7.48055878867902,7.0572626887667
"AFDN",6.02765901476498,5.68647581516623,6.44132281011077,6.17165829260872,6.65559394085116,6.2754536180513,7.55013777671524,6.6189202923185,6.77286980426239,7.24861996879954,7.36127335479889,7.65253422319313,7.22309766473086,7.8401653307269,7.21828546619604,7.46836129416795,7.41889397459473
"ATP2A3",9.32133488752538,8.40494809436065,8.09067794269957,8.85703305205856,8.75173229067311,8.94231076993207,10.2981555533736,9.65756960140506,9.88481049748705,9.42920273587321,9.46530751681505,10.4123245512041,10.1930169452892,10.1438950785983,9.54890773610776,10.0284278094061,9.62634240037347
"SCAPER",5.21446177405548,5.27324459066471,5.40247628545884,5.21293826707968,5.65305259315486,5.738557159276,6.1955905863631,6.24455763486368,7.29114604625761,6.35622108456438,6.23849008744098,6.73879808609655,6.79830416912517,7.07132344859542,6.41647403398358,6.59790126784867,6.16446079952517
"TMED5",8.07556283956777,7.97706250014834,8.04884497517835,7.96827769612388,7.83477469354185,6.24266090047272,6.59582883813367,6.77502974567188,7.05345607956681,6.9627721270375,7.17073327359846,6.80784354594263,5.85578182909597,6.40163095481074,7.46005631755136,6.41728731789096,6.88264678275066
"TLR8",9.22622207575051,9.51030238152898,9.19385923728571,9.42121018848696,9.55155100844545,6.06768273812647,5.97272091067973,8.66546510825414,9.4982480403484,8.29463282127845,8.38506409953725,7.14393935188425,5.62852391088154,6.38064580598437,9.18801102031645,6.30463170152156,8.42614804695967
"CDC40",7.65216511983289,7.55291701941476,7.67079636381807,7.40721447217751,7.53587687626306,6.87033465497998,6.00284218754117,6.25176189226513,6.85168209003246,6.84864572217592,7.17166810694776,6.69075040509028,6.12254726525757,5.77299145233613,7.32007360579931,5.93095609224944,6.65078738091296
"PDK4",6.28220823255588,7.37491872309084,8.34502859071791,7.13152516796815,6.47369425286134,6.71536535116083,4.56889243461301,6.96924190766572,6.59945951113555,6.31506022893125,7.82255686994575,6.0442897644106,4.83207901492116,5.61575066880776,6.79212190335948,5.2100505792319,6.17344386288156
"PLSCR1",8.15696078381284,8.00071244739408,9.0539236319036,8.98338650948569,8.52921248024106,7.95752551963533,7.28420168537708,6.84155763313994,8.28336909933697,7.42421370498663,8.60673831587068,6.94220561416839,6.40693503105511,7.05969502551179,7.9139907795536,7.26677880235471,7.34139921241673
"ATRX",6.41642223968147,6.62673586290493,6.85415333480869,5.71467269718917,6.69684702002846,6.29442479152821,4.34948810912721,5.41243648680204,4.98858979420481,5.37561805751172,5.50562760078106,5.72036668309909,4.65682068611166,4.61646227860479,5.82426233539862,4.86566531371313,5.54796393891157
"LRRN3",10.310137695662,9.56488558852099,9.28598237180046,9.03136289597162,8.84848903375729,9.07815946463775,7.46068850455233,7.21207225438824,7.41151708739166,9.04177902365233,6.87870366604762,7.82770604435836,8.96816402605544,8.21703097802135,9.28634125308744,8.59675991533812,8.50755607016375
"OTUD4",6.31647436284918,7.02569802713136,6.54763614625231,6.53762532559317,6.52215370721268,5.77582849640808,4.06220154426252,4.68976270607537,5.64735284607429,5.85842655964772,6.48948309128297,5.60451378732224,4.61562747924432,4.90758755555494,5.89485692726918,4.84122051605561,5.7148985909272
"TET2",7.29993763451658,8.23648658258758,8.85635882819841,7.49063082434654,7.70427257613846,8.64446424418808,6.69629051711901,6.1785228900699,7.19471875287556,6.38604986443545,7.30306099156443,7.2971818794406,7.57595848465183,6.40036360767455,6.15029429255674,6.13802855257608,6.61962829707909
"VPS13C",7.78661090190462,7.58877487654417,7.8811888223589,8.15871013523363,7.00921973614277,8.40034673596349,6.85188186184439,5.72549447976539,5.95499261347849,6.45185674284799,6.59806165127587,6.71921286485246,7.16885858950013,6.79654175385832,6.97171881634056,6.51557215203514,6.32552230897254
"INO80D",7.22436898541446,6.72633639740779,7.49998455589065,7.27628644648763,7.09278626419673,5.22192308275618,5.37199709679697,4.77622033103224,4.95219521642506,5.55445137710354,5.1255806425024,6.38774647932586,4.15646700780638,4.87191252591774,5.92773010622132,4.94705657965479,4.77585361760042
"PXK",8.10459172920145,7.72832551587995,8.00511686268775,8.27806632854812,8.47242304644195,7.67103579455493,6.52843494980999,7.22176537965883,7.69092821815156,7.42078614256663,6.80508679954968,6.59723065404706,6.06100666435688,7.04276548255687,7.59977456220286,6.51453392895039,7.25173713146137
"UEVLD",7.60162948363039,7.50667834157319,7.46611428820608,7.50916593207242,7.40248782688092,5.38991474241794,4.75897966965585,6.38740086673048,6.28494283215954,6.47417535240899,5.90536989049572,5.95668667261613,4.29685744190735,5.59554836504082,7.15637515626754,5.20034673306294,6.4242110335899
"JPX",7.71224897809606,7.23220779946882,7.96128358582655,7.33118669840387,7.7128322801995,9.28784330052151,6.8539450795873,5.97941012584174,5.85413834017222,6.35974001553975,5.93244410286723,7.10489979129204,7.71408849465775,6.89055680424058,6.19896389790167,6.86922018445753,6.47531608989032
"CSGALNACT2",7.50572916021689,8.07006943590808,8.3531423041678,8.03710214811127,7.84490210756686,6.96671523475305,6.0175565440231,6.88112952604799,6.91975122568442,6.88627132059831,7.04829225426176,6.67131228241185,6.40154303443589,6.00252585667774,7.53343179639132,5.43385079934275,6.77479262791197
"PNRC2",9.35317701670002,9.57617064340031,9.50392097275916,9.07846779425967,9.68017892370213,8.37940792929199,7.44601139917733,8.73520684304904,7.91886989774762,8.71671820622214,8.25992493268912,8.06782973990177,7.74935137497565,7.52650079194951,9.14764194064411,7.2926496289934,8.46265882770359
"VPS35",9.4914893889604,9.51048396351376,9.58318908158751,9.66655516135741,9.64480578355725,9.21751003222478,6.94960219321572,8.35425824514761,8.41516210164497,8.36874164261132,8.4613530406364,7.67490359636538,6.99600620502458,6.92247455419137,9.25006800304202,6.91150463343595,8.15350450774651
"TMEM30A",8.68906688651722,9.80841701577213,9.62407733559201,9.1925304643855,9.39879818187896,5.97016316901957,5.68629899047487,8.4019358785435,8.3156895600305,8.46486675288076,8.49436964184762,7.39603811594315,4.85359725349543,6.2558146026205,9.4912862377168,5.86331821450655,8.31371777406921
"CACNA2D3",8.94975033739356,9.04847979918122,9.00663730306159,9.08518081124339,9.01288702247846,9.32102414574076,7.57666854994488,7.68584406997063,7.38570723857861,8.38281929391481,7.45439754087785,7.76548583833778,7.61983141351252,8.40377933015359,8.31993186254211,8.27253636929542,7.9139907795536
"CAND1",6.21991465179146,6.26571738404106,7.08432451442492,6.85143917803228,7.07996737754445,7.23062038839721,5.52110709819747,5.03051001228519,5.43589783731,6.09125278888045,6.65913449470105,6.03395115966191,6.4014137448354,5.15117994217839,5.41871759222291,5.35044728667936,6.1582697689518
"NXT2",7.52201182170839,7.44682124310533,7.52702907944845,7.54523480240877,7.4478605181163,5.06626821972169,4.7043437697846,7.0520001849765,6.66930197418281,6.95505595031182,6.63837109936518,5.32695600782051,3.85151446860811,5.42821163675574,7.84716120496585,4.743804966262,6.4595612978437
"ADPRM",8.87226706789576,8.58817247277888,8.93604482490526,8.89322640994176,8.11372478230271,6.71743838877969,6.71434228452377,7.03395838753949,6.86787559756797,8.17932584637148,8.10752874385086,6.66599021708766,6.7959422032134,7.12419718455692,8.29386289975852,6.95662439279552,7.43652413156648
"SLC24A3",5.25993524610497,5.02201186587325,5.08143869102287,5.53441349003034,4.78844897254123,5.330492282883,7.12937724138219,5.89650954181191,8.41132326022397,5.92155960760419,6.7036248306784,5.90696656966775,5.70647901629411,5.17225001747874,5.88523139382318,7.09609834866481,6.570722846812
"TWF1",7.44225187333415,6.75297471581999,7.54362191962897,7.05191842708679,7.10099198434119,6.04795847669284,4.69778878853678,5.48805790675358,5.41221032125804,5.99272156631396,6.65519153239642,5.84466241271111,5.37994859998803,4.58681842508768,6.79915343816838,5.07441772777334,5.54458330207888
"NLRC4",7.24022525322373,7.59381974208827,7.17924155033969,7.06914742296805,6.89902267124388,4.20931257071154,4.69735963691957,5.52311608376951,6.18089227783556,5.422640225289,4.87426649547467,4.69261779902664,4.2490537389869,4.47370113887505,6.56820842776294,4.44258207706188,5.63759178204062
"KMT2C",6.02388660833032,6.30162428365525,6.52896371911034,6.52616172336589,6.67231162085965,5.92076040695807,4.66310404349893,4.96029486185924,5.27479025338042,5.31379106410687,5.7631118916676,5.45526778243643,4.8742127801693,4.49928196232117,5.70700397296731,4.77023019482628,5.52197036004228
"RAB1A",9.44309470882552,9.35948482044037,9.46464289562243,9.49956480236112,9.45034363906288,7.62421186990582,8.03288462182306,8.5115752771596,8.90559111942818,8.59792252202755,8.86931556188767,8.27692514201301,7.33914591196439,8.03683866558239,8.88884782423989,7.46206666843783,8.54931029583051
"RNASE4",6.78655435223284,6.02476466224991,5.9793822165124,7.29858709328409,8.26860531198746,3.86214347002431,5.29727455652077,4.81552110511187,6.89800441151559,5.33833846014264,5.59626664234219,4.39006336516007,3.74158496766028,4.50971513250448,5.64682662337339,4.70915452356373,4.93305072626326
"RPL37A",8.38860340351571,7.91613365202166,8.66144952872648,8.373741224678,7.47100040685847,9.67559577631199,7.15488572617005,5.65435061931248,5.9374054084934,6.3918366970388,6.53413008953128,7.07760720741412,9.36277805298359,6.62390530190088,6.07222810818738,7.05223036427687,6.05260862636341
"BID",9.87123786303265,9.55774142156186,10.0091716337328,9.87163261423659,9.37549683824791,9.1063007489434,8.73678732994049,8.00847703381859,8.90684961160726,8.63236718102176,9.38455898134749,8.27721700538502,8.26207795659224,8.45745228562121,9.60549124013507,8.13794969370596,8.73311327672538
"CXCL5",8.87838774855598,5.99189351012744,7.68857762104623,7.14547662404176,7.54831381104468,6.93559850541387,8.95709113539123,9.8719633492049,9.80050432929833,8.79540404531146,8.6039301461615,8.28690003219013,6.48729850279673,8.24472011636563,7.99682639155408,8.95101155895582,8.1554524456139
"BLK",7.66503975784419,6.71098057253362,6.93555940294541,7.70138847629087,7.27381518275467,7.10336098481626,7.49976513387661,8.55988470516596,7.00520226227212,7.39216799695596,6.52345647140117,7.63541821124665,9.32467589960247,9.63034463180808,8.02459820600193,8.511912508679,8.21390791818641
"FRG1JP",5.81573721220596,4.72737937259182,4.66855486646219,6.14760137188535,6.79692682071243,6.65262195006359,3.80722731262808,3.82977336933301,4.01038109822665,5.34495094687989,4.08835927581534,5.1388069722546,5.22731343183563,3.97199249506045,5.14822944763979,4.56967095893923,3.98782967197492
"SH3BP2",6.3592496541242,7.21859669440441,8.3126847878736,6.46607379280915,7.59396300298408,7.88084527317059,9.07826943827541,8.57233937509533,9.35048658548411,7.82064459411299,8.89455928594375,9.72529112850645,8.43261454696155,8.79829020612729,7.60286325374126,8.16648629235777,9.11554645238996
"CLEC7A",7.34748307052198,8.56621231020458,8.4346540254892,8.21411497273976,8.09829582810844,7.06247108759138,6.34308771758942,7.22855019772466,7.46800064775041,7.4146066203766,7.50597142960909,7.2891591854585,5.02923464781651,6.23939044493918,7.78489563490393,5.75596440644934,7.59542730690062
"LMF1",7.2717103005823,7.73425540530321,7.25972636185521,7.56160707167189,7.15070350395173,8.26884741261758,5.23806616288815,6.20371856340022,5.32366317207147,6.19216949677984,5.73920340983347,5.95207621335658,7.05401329329208,7.01223715658716,7.03297616665506,6.58053682748751,6.02419881162254
"NT5DC2",5.65121787167914,4.81304506666132,5.38889637116496,5.09364613102698,4.68194141305034,5.88528979880695,6.5188077834105,6.47357654296857,6.76277205518968,5.5171672807993,5.21176260992787,6.76234891907259,5.59983771286843,6.49583998341026,6.00562740233274,7.0712877408502,5.79314452736041
"SRPRA",9.33167265800963,9.43881724143097,9.16206161155882,9.24972027096977,9.35980184514922,6.82637892916461,6.30799826228719,8.25209830233053,7.97642511018571,8.14518544134667,7.86944044302651,8.26084864155713,6.29192166360415,6.92418080595859,8.77867326124241,6.11200185783294,8.09545363356826
"ZFP36L1",7.05419745732376,6.09347589913615,6.50003594099022,6.91967131969766,7.44979188534399,7.88459775146003,9.56139092229135,7.63702085381465,8.7378211741171,8.15547025500567,7.95648734185272,8.45196962438928,9.65925841100117,8.52996047664144,7.89078491319585,8.81437117988851,7.79677430649685
"TBXAS1",6.87580088645349,7.1313410073262,7.03592946138627,7.28274814409585,7.05347554457242,6.6140030943878,5.2692809589528,5.60088021184391,6.92644113996848,5.62128707355603,5.93964999205512,6.41296185322449,5.41889862872724,6.15790961486371,5.8795348316361,5.51436046036964,6.36799512841612
"ZEB1",8.21231677795414,8.38617701430913,8.50433005001856,8.37853971943167,8.26780285542881,8.43708161363854,7.18888481365112,7.07790129139819,6.61594742393383,7.18010661338956,7.74308377877339,8.16152952325989,8.6710311593399,7.09094827955035,7.51918598656916,7.50012154323733,7.33117796438128
"TPR",7.68823154825714,7.30528590472491,7.74975569165032,7.04384898006159,7.08355383947059,6.66339088747808,5.3250243957013,6.56736359703725,5.79650010106281,6.58129515938436,6.57969940374649,6.69501095426109,6.35529622276184,5.44880328627957,6.96117492968263,5.40360667974301,6.15077455226381
"CCR2",8.54128219151148,9.61324410125707,8.14768297034592,8.66798095746091,9.55117039014478,4.01844099431544,5.66575174301736,7.53545196220836,8.48830343880591,7.60360503961191,6.46234937877536,6.34168463154088,4.51264026842095,5.44325590653042,7.88295825317835,4.72094069870946,7.83265416847809
"KDM6A",6.60232534930182,7.12626688354187,7.14717533213013,7.1096765785176,7.13075465719951,7.29642374511613,5.30101541202495,5.67198645558683,5.60184260227411,5.66711351863828,6.1914900238419,5.74232010810749,5.41220702209564,4.7725480582544,6.34352185998968,5.13882322430195,5.41392456307242
"AHNAK",7.39735283821412,9.93695432574799,9.55110080753837,7.99881695036319,9.13314046586263,6.02276708361243,5.65368708473844,6.53957571945148,6.63477776373983,6.80821451187504,6.69375861281043,6.83104167187032,5.56600605036686,5.30222927116677,7.76743617790024,5.20780085286373,6.56417342560457
"FCRL2",7.94209066757042,7.21107762926034,7.14187800481544,7.82050472128947,8.66666041756246,8.35517755659406,8.05148356144013,9.18655424166152,8.32629651973657,8.48500480850163,6.44723734506457,9.10164364907139,9.64972157464867,10.2517332983092,8.40434626112,9.23656383126746,9.11007168137062
"OGFRL1",7.20666202020882,8.02346297770485,8.19701846862457,8.32148606436161,7.96072467258657,6.17280846464405,6.25020070847935,6.56520265166282,7.17948256784754,7.14400206418499,7.20247507128952,6.15193660385104,5.24739598998973,5.70219883779708,7.54491797634469,5.01763904195976,6.79249203095453
"ICE2",7.52049914451897,7.71140303634855,8.01311226852724,7.42416383081935,7.6827025538972,6.50117242590054,5.97622822408171,6.77524441317272,6.14564547016546,6.9613335282529,6.46560791999508,6.60249286718535,5.05292793254415,6.07270153406777,7.50079582513656,6.14575614337222,6.50141900234995
"ANKRD55",8.7616304067801,6.35215428188601,8.57142644023899,7.23111649144436,6.8568178425012,7.58216840085237,5.01425927910145,5.68142206062879,5.77126793281248,7.46259358974795,6.19876763444881,6.63667504372036,6.07393039006526,7.58540647654894,7.10288906000601,6.337606142362,6.42901969964348
"MCTP1",7.26916871415882,7.08816359503646,7.57047423372469,7.51360953558449,7.22551745479017,6.38877782386438,6.66308390524018,5.69550243622868,7.2435291937389,6.17554254632742,5.93129660218175,6.31547362871468,5.71514550059019,5.89511122550026,6.6312691668399,5.90965998617862,6.44645999696229
"CYBRD1",5.65346835085589,7.28830563823702,6.30846355792394,6.17786425654272,6.20213735135043,4.9705842112282,4.82587189732229,5.53247761451616,6.39296947432545,5.66141966130984,5.57871413374376,4.72524502234426,4.29253011407317,4.74179110699984,6.23735514334319,4.28854440141114,5.34311480696337
"CHD9",6.42165688526384,6.61370532376354,7.47680097032174,6.95307099203659,6.68793789049348,6.93735032314455,4.5561641655874,5.31189442532066,5.57435825790243,5.80934769757852,5.71158550712433,6.5625691941413,4.79783336395186,5.5086082151654,5.62176517204337,5.48528698837611,6.03012990392556
"FXR1",9.94498509290046,10.0835763284464,10.1131142105185,9.64343666161084,9.62868391078269,8.47409278049487,7.2426702922753,8.62351487315312,8.32406471182888,8.89984097804969,8.62208287018626,8.43261927225654,8.20461446467261,7.63836075603888,9.1924485350911,7.49730340469985,8.40217271422747
"CYRIA",9.15728998361525,9.06154006578421,9.56167907442758,8.97781946684343,9.0359867706193,8.34782143108964,8.15992508660863,7.6710957543658,8.57076351205672,7.60052662814466,8.81316444439945,7.67490359636538,7.3511408122783,7.96054277269193,8.07111350686399,7.65157513502697,7.8511361070019
"USP9X",7.55290863182362,7.6756878161418,7.83497182090672,6.76249434131892,6.94799686632611,6.98649905676463,6.72006043391831,5.81600026201589,5.45918483747893,5.72110772035322,5.68747278998864,7.79389626243531,6.1241733484865,7.25735659762422,6.08420283570358,6.22822659852232,5.69557168110381
"CASP1",10.9308103883022,10.7250496560894,11.2534465885873,10.8588857994616,10.8975998631138,9.43982916616316,9.55240020294432,9.93345357263556,9.96250064649398,10.2722082092411,10.4320031460282,9.77359566909502,8.36680680488625,9.43905897406063,10.526574995554,8.77252126362911,10.0422628455424
"EPPK1",6.62202189493334,6.69831184911952,6.30747835089046,6.34633428203475,5.61705001154432,5.32146423312431,4.68618747843046,4.80774026941135,4.60021488159473,5.09393780788063,4.79834200779325,5.29842814245109,4.84179086566072,5.53831542774916,5.49273038793933,6.18878948519199,5.27510286824396
"COG3",5.64708212007682,5.77676504136897,5.88358820126613,5.9614737565761,5.83453800237888,4.85518552661978,4.25309607452839,4.35693484824034,4.59931718655849,5.04594811428165,4.46238182651201,4.25477549456876,4.05482785582632,4.31165110572938,5.60707615133805,4.12489274479399,4.70387022612584
"B3GNT5",5.77584566800246,6.5576714022621,6.75385745091944,6.69289973674469,6.30538145453954,6.30272448622455,5.73224514912091,4.2002561525796,6.29376752361613,4.73464818753653,6.75371753797752,4.83830213694796,4.96828124255958,4.90194864578955,5.12440637723104,4.33269723700416,5.29300952990474
"KIAA1109",6.79444864238346,7.57788109175772,7.55041590587611,7.17972613223029,7.85512612869175,6.31786445236255,5.76065693176254,6.88291271305908,6.76966195939759,7.33350471471315,7.01962184541777,6.79708859538457,5.34246252590308,5.33550056268782,7.10963030047923,5.75747694473969,6.51209083703162
"FAR1",6.32612132898044,7.24700583383442,7.05945768933751,6.81424284539391,7.13094771981059,6.06077561525183,5.33206722466439,5.74141533639937,6.40693518643832,6.71001630738279,6.01408369966915,5.81750408149021,3.5628180133919,5.28199404573428,6.2765941306261,5.20307790172533,6.67425800267387
"FYTTD1",9.12566040889461,8.98128103211021,9.15949480311752,9.03466490241668,9.18558570121003,7.82244990446784,6.86365600005301,8.35509140196817,8.16291217852434,8.45688443971612,8.66167200064616,7.7918882603008,6.75047933929271,7.4600572753587,9.01008047032992,7.33789864998977,8.1941224316959
"UTP23",9.07416777984149,8.88514701119296,8.55592555831261,8.91231590028025,8.71593072982238,7.49808263627044,7.59360180344694,7.6603181055888,7.14168100618959,8.36671615971023,7.83783823080812,7.36270667896789,6.46971653290055,7.9337933098808,8.30738280216683,7.34390331566295,7.87594305165737
"NSMAF",6.86171140721,7.18810160996164,7.67581707576988,7.40144519610751,6.89516231442259,6.36931594278505,4.5537704056512,5.67207753693895,5.16607635319874,5.83274037270172,5.66746647225579,5.58900864572543,4.75318143613821,5.35861076840249,6.49450759889579,5.40167316803158,5.38752686508764
"HOPX",10.4463946730684,10.074670099193,9.10216719553789,10.680304896433,9.87137342865228,8.25668377217378,9.09900174345178,9.13408968142449,8.24364391826509,9.44953036287206,9.19114111402526,9.96600328072224,7.66138383201113,7.46573887614795,8.96106493297263,7.91829856206172,9.16801923610878
"CAT",10.5279565181582,10.5393346834757,10.7689484144672,10.4449733872503,10.6038403262272,9.03253242238518,8.45275023852933,9.70122134614324,9.53786861075542,9.75239930164522,9.78144647852404,8.98702680875734,8.29548489111235,9.15966808167612,10.4401950310507,8.55441483029864,9.83208734933538
"PLXDC2",7.52208708940911,7.86969598860573,8.29125693150166,8.52642938501876,7.4505918364993,5.4831999314674,4.58124669229589,5.78937558745476,7.12581609929756,6.64733784331669,7.53157052521496,5.28303821664007,4.64403893889709,5.36933874752897,7.57877984552511,5.51274863635957,6.22292390978453
"TNFSF10",10.2544339438582,10.2631157746257,10.4515855702273,9.86134821881494,10.4604320567333,9.5174194898125,8.59719663434664,8.97732972427334,9.5691578926136,9.61329491522113,10.1944109085624,8.75318432051874,8.31873736408114,8.74603244009078,10.0555319902287,8.42504765284447,9.39334106510407
"DLK1",4.53491350202583,4.30262225004143,4.06238663353919,3.79468195898527,4.15340286982855,4.04672837358493,3.97238100615383,4.98228335021073,7.1147021922792,7.80019184933508,4.72571476616467,3.8581921957441,4.12254503385729,8.76582913146996,8.28819692583925,11.0283226013115,4.42549720743676
"ARHGEF7",7.96150658664705,7.60666119841076,8.80448655639894,6.91417855403867,8.22878429501739,6.73822568983588,6.97822605650104,5.86583831766875,6.05662427032039,5.85934685474608,6.15361050121079,8.09453959358323,6.23018037215486,6.8224860268718,6.47887533631641,6.56434349292699,6.0205347218097
"VNN1",8.03108841329356,8.41057888150081,8.74545437062649,7.86359751278532,8.08425156566565,7.14475932000486,6.05136808572883,5.41095781364951,9.07536076000967,6.80015954061186,6.36788419552559,7.06092916246777,5.87405010471538,6.81529317814614,6.63771577253073,7.40114620007028,5.91704731039451
"PAPSS2",7.61395175872286,7.22410068466835,8.07589338121572,7.77233773024592,7.1793486916577,7.62744604081116,6.95024393593054,6.13876132271386,7.89073162917932,6.48827430300378,6.67528779893574,6.85836296331034,6.1441656662289,6.57636133531863,6.60030759449802,6.360225509359,6.4315553961695
"CCDC126",7.56921131559448,7.73068265810313,7.3023968558038,7.45423707653623,7.92015168881761,5.5025135274851,5.65341849589329,6.72697895728454,6.53198468323815,6.64413022917543,6.21779247604873,5.98418129530591,4.88877899024851,6.07127403306051,7.33752935969016,5.6762883918465,6.58327385642179
"USP10",9.17282991421571,9.38647348481147,9.05246437532487,8.82479036186432,9.22751492680056,8.15645910595424,6.76098009312582,8.12696006519689,7.51795046172292,7.99248365846509,8.3372693857913,7.86854568308445,8.15262755873262,7.18723211704823,8.40759606093957,6.93933158089408,7.7311327216074
"FCGR2C",9.93836948383517,10.0716054983384,10.5534547821924,10.1673180592405,10.4283496788933,8.26087071510515,8.42003346072537,9.4932231354872,9.76635251408409,9.18690088288741,9.80362538376181,8.95009654387403,7.64345978370116,8.74769195066648,10.014888014294,8.00384992384434,9.1688258618819
"SMC3",9.80756182627388,9.50128252585236,9.42947321429236,8.95730653973727,9.34513434071954,9.19207855420505,7.52853683592669,8.18523698056013,8.01260497064162,8.49528157874175,8.85248655151259,8.98409567381905,8.84730490161998,7.76576033082088,8.83978347335957,7.76643478982694,8.18021858726604
"NXPE3",6.83244059923139,6.84833182164489,6.90430459522157,7.96013396846806,6.52808478401403,6.15577093979824,5.70588367557846,5.06036650471759,5.18970755704196,5.92559296816743,6.16314485311778,6.47131511570824,5.18807103346147,4.85132160228246,7.00880494722184,5.0000510962014,5.62198539165939
"ZBED1",6.56707136539324,6.25593244788005,6.43040133735565,6.56121647679378,6.83297416253403,6.92521981139887,5.30113295032546,4.84232507153015,5.22416129415496,5.48705746057145,5.65798316352032,5.95197024103879,6.51066087701662,4.56319917580084,5.83621925290958,4.80129360133681,5.25793828154421
"VAMP3",9.34777091414182,9.18971167866935,9.5680985872008,9.46159017212133,9.23945155285634,7.13711432332071,6.40041199786317,8.40037677044359,8.38457873272817,8.32505510179122,8.70281198431452,7.29833681657398,5.7690608061886,6.60353869533584,9.04113424301658,6.4540414081745,8.12979422531643
"CD86",9.95025723159732,10.2896904571335,10.6270916334199,10.3759592329439,10.0166777804074,9.80896563408954,8.65194702138457,9.11375193791721,9.6803864993167,9.33901416411989,10.0647472778535,8.62646793571134,7.83960336228495,9.27107949072371,9.97460651368985,8.69038539212339,9.05927463619387
"SCAMP1",6.31158154360134,6.23200143063517,6.39246655894708,6.37325080506103,6.74420379597818,4.44248495944005,4.08378050739468,4.98702328629016,4.55772196616983,5.43861095795433,4.87841041514639,4.76180297823939,3.97292450259746,4.16354748005225,6.05924485380624,4.52682699794081,4.79955059140133
"TTC37",6.77316126925131,6.58877440016537,6.86895672893126,6.20330468027849,6.49141742106437,5.46702627353366,4.02253375337708,5.23042358963929,4.92396565048405,6.00677304554677,5.38224977631919,5.33117894139476,3.85138418424866,4.96856452800585,6.58513946907219,4.728131828767,5.59773891112494
"CD72",8.04171181207343,6.82483685061733,6.49382763611957,6.85960952814955,7.16712219919383,6.37557981542836,6.80339785450046,7.99451509804317,7.19930943664287,7.43948205905103,6.3004873958429,7.17828991909496,8.60157460537103,8.94469772088639,7.85038976501546,8.2118885472134,7.99451509804317
"P2RY14",7.62627698303692,7.67514245674351,8.11874303862348,7.39354306965731,8.07244919670607,7.01858384062596,6.06077561525183,6.2603722319683,5.36370135946732,7.22247224257822,5.81967304789441,5.97617436583588,6.42437959762645,6.24558897850731,6.75554648050994,6.41537226940152,6.594073048457
"CDC27",8.86667520459506,8.76120550630653,9.22792066375916,8.34374712826442,8.73669847608003,8.63823474852607,6.61058231919106,7.36178467004347,7.47924940914214,7.65157906193686,8.09338195050712,7.2422815099452,7.66269336034933,7.07927631650143,7.90902903756109,7.19758212933245,7.60607605359123
